{"cameraMode":{"drawMode":0,"name":"Shaded","section":"Shading Mode"},"sceneLighting":false,"audioPlay":false,"sceneViewState":{"showFog":true,"showMaterialUpdate":false,"showSkybox":false,"showFlares":true,"showImageEffects":true,"showParticleSystems":true},"in2DMode":false,"pivot":{"x":0.0010501742362976075,"y":0.4158781170845032,"z":0.00303027406334877},"rotation":{"x":-0.0019600011873990299,"y":0.9980248808860779,"z":-0.04794042930006981,"w":-0.04075906425714493},"size":2.161283254623413,"orthographic":false}